﻿<?xml version="1.0" encoding="utf-8"?>
<!-- This file was generated by a tool. -->
<!-- Changes to this file may cause incorrect behavior and will be lost if the file is regenerated. -->
<Screen Name="ARInvoiceEntry" xmlns:xsi="http://www.w3.org/2001/XMLSchema-instance" xsi:noNamespaceSchemaLocation="screenConfig.xsd">
  <Control ID="vpPaymentCodeTab" Type="TabPage" Label="Payment Code" HeaderAfterID="totals" DetailAfterID="tabstrip-8">
    <Control ID="vpPaymentCodeFinder" Type="Finder" Label="Payment Code" FinderTextId="vpPaymentCodeTextbox" />
    <Control ID="vpPaymentCodeDescTextbox" Type="TextBox" Label="Description" />
    <Control ID="vpModifiedDatePicker" Type="DatePicker" Label="Modified" />
    <Control ID="vpPaymentCodeTypeDropdown" Type="DropDown" Label="Payment Type" />
    <Control ID="vpPaymentCodeDeleteButton" Type="Button" Label="Delete" />
    <Control ID="vpPaymentCodeSaveButton" Type="Button" Label="Save" />
    <Control ID="vpPaymentCodeGrid" Type="Grid" />
  </Control>
</Screen>