﻿<?xml version="1.0" encoding="utf-8"?>
<!-- This file was generated by a tool. -->
<!-- Changes to this file may cause incorrect behavior and will be lost if the file is regenerated. -->
<Screen Name="OrderEntry" xmlns:xsi="http://www.w3.org/2001/XMLSchema-instance" xsi:noNamespaceSchemaLocation="screenConfig.xsd">
  <Control ID="txtFromSage300" Type="TextBox" Label="Custom Field Description" Binding="Data.CustomDescription" AfterID="Data_OrderReference" />
  <Control ID="btnFromSage300" Type="Button" Label="Get Demo" BeforeID="btnPost" />
  <Control ID="pnlCustomId" Type="Panel" Label="Custom Panel Controls" AfterID="OrderEntryGrid">
    <Control ID="btnCustomCurrencyFinder" Type="Finder" Label="Custom Currency Code" FinderTextId="txtCustomCurrency" />
    <Control ID="dropdownOECostTypeId" Type="DropDown" Label="Amount Type" Binding="Data.CustomCostTypes" />
    <Control ID="txtCustomCTotalCost" Type="TextBox" Label="Total Cost" />
    <Control ID="txtOECustomTextDesc" Type="TextBox" Label="Total Cost For Order" Binding="Data.OrderNumber" />
    <Control ID="dropdownOEOrderTypeId" Type="DropDown" Label="Order Type" Binding="GetOrderTypes" />
    <Control ID="txtAreaCustomComments" Type="TextArea" Label="Custom Comments" Binding="Data.CustomComments" MaxLength="320" Cols="150" Rows="5" />
  </Control>
  <Control ID="tabPageCustom" Type="TabPage" Label="Custom Tab Page" HeaderAfterID="totalTab" DetailAfterID="orderEntryTabStrip-7">
    <Control ID="btnCustomCurrencyFinder1" Type="Finder" Label="Custom Order Currency" FinderTextId="txtCustomCurrency1" />
    <Control ID="txtCustomOrderNumber" Type="TextBox" Label="Custom Order Number" Binding="Data.CustomOrderNumber" />
    <Control ID="dropdownCustomOrderType" Type="DropDown" Label="Custom Order Type" />
    <Control ID="dtPickerCustom" Type="DatePicker" Label="Order Create Date" Binding="Data.CustomOrderDate" />
    <Control ID="numericOrderAmount" Type="TextBox" Label="Custom Order Amount" Binding="Data.CustomOrdNumberAmount" />
    <Control ID="chkCustomIsActive" Type="CheckBox" Label="Active Order" Binding="Data.CustomIsActiveOrder" />
    <Control ID="txtAreaOrderComments" Type="TextArea" Label="Order Comments" Binding="Data.CustomOrderComments" MaxLength="320" Cols="150" Rows="5" />
    <Control ID="gridCustomOrder" Type="Grid" />
  </Control>
</Screen>