﻿<?xml version="1.0" encoding="utf-8" ?>

<Screen Name="TaxAuthorities">
    <Control ID="txtCustomTextDesc1" Type="TextBox" Label="Tax Auth" AfterID="labelTaxAuthority" MaxLength="64" Binding="Data.Description"/>
    <Control ID="txtCustomTextDesc2" Type="TextBox" Label="Custom Label Header" AfterID="txtTADescription" MaxLength="64" Binding=""/>
    <Control ID="lblCustomTextDesc" Type="Label" Label="Custom Label" AfterID="txtTADescription" />
    <Control ID="txtCustomTextDesc" Type ="TextBox" Label="Custom Label" BeforeID="ddlreportLevel" Binding="Data.Description"/>
    <Control ID="dropdownCustom" Type="DropDown" Label="Custom Drop Down" AfterName="ddlreportLevel" Binding ="GetTaxBase" />
    <Control ID="lblMenuCustomLink" Type="LabelMenu" Label="Custom Label menu item" AfterID="Data_LastMaintained" Binding ="" />
    <Control ID="dtPickerCustom" Type="DatePicker" Label="Custom Date Picker" AfterID="Data_LastMaintained" Binding ="" />
    <Control ID="chkCustom" Type="CheckBox" Label="Custom Check Box" AfterID="Data_LastMaintained" Binding ="Data.AllowTaxPrice" />
    <Control ID="txtAreaCustom" Type="TextArea" Label="Custom Comments" AfterID="txtNoTaxChargedBelow" MaxLength="320" Cols="150" Rows="5" Binding ="Data.Description" />
    <Control ID="btnCustom" Type="Button" Label="Custom Show" BeforeID="btnAdd"/>
    <Control ID="btnCustom1" Type="Button" Label="Custom Get" AfterID="btnAdd"/>
    <Control ID="tabCustom" Type="TabPage" Label ="Custom Page" HeaderBeforeID="tabAccounts" DetailAfterID ="taxAuthoritiestabstrip-1" >
      <Control ID="btnCustomCurrencyFinder" Type="Finder" Label="Custom Currency Code" Value="CAD" FinderTextId="txtCustomCurrency" />
      <Control ID="txtCustomTextDesc3" Type ="TextBox" Label="Custom Label Info" Binding="Data.Description"/>
      <Control ID="rdbCustom" Type="RadioButton" Label="Custom Radio Button" Binding ="Data.AllowTaxPrice" />
      <Control ID="dropdownCustom1" Type="DropDown" Label="Custom Drop Down" />
      <Control ID="gridCustom" Type="Grid" />
    </Control>
</Screen>
